TDDHashMap.java,org.jugsaxony.tdd.demo1.TDDHashMap,org.pitest.mutationtest.engine.gregor.mutators.ConditionalsBoundaryMutator,<init>,37,KILLED,org.jugsaxony.tdd.demo1.TDDHashMapTest.[engine:junit-jupiter]/[class:org.jugsaxony.tdd.demo1.TDDHashMapTest]/[nested-class:InitialStateTests]/[method:shouldValidateConstructorArguments()]
TDDHashMap.java,org.jugsaxony.tdd.demo1.TDDHashMap,org.pitest.mutationtest.engine.gregor.mutators.ConditionalsBoundaryMutator,<init>,40,KILLED,org.jugsaxony.tdd.demo1.TDDHashMapTest.[engine:junit-jupiter]/[class:org.jugsaxony.tdd.demo1.TDDHashMapTest]/[nested-class:InitialStateTests]/[method:shouldValidateConstructorArguments()]
TDDHashMap.java,org.jugsaxony.tdd.demo1.TDDHashMap,org.pitest.mutationtest.engine.gregor.mutators.ConditionalsBoundaryMutator,<init>,40,KILLED,org.jugsaxony.tdd.demo1.TDDHashMapTest.[engine:junit-jupiter]/[class:org.jugsaxony.tdd.demo1.TDDHashMapTest]/[nested-class:InitialStateTests]/[method:shouldValidateConstructorArguments()]
TDDHashMap.java,org.jugsaxony.tdd.demo1.TDDHashMap,org.pitest.mutationtest.engine.gregor.mutators.MathMutator,<init>,45,TIMED_OUT,none
TDDHashMap.java,org.jugsaxony.tdd.demo1.TDDHashMap,org.pitest.mutationtest.engine.gregor.mutators.MathMutator,<init>,47,TIMED_OUT,none
TDDHashMap.java,org.jugsaxony.tdd.demo1.TDDHashMap,org.pitest.mutationtest.engine.gregor.mutators.RemoveConditionalMutator_EQUAL_ELSE,<init>,40,KILLED,org.jugsaxony.tdd.demo1.TDDHashMapTest.[engine:junit-jupiter]/[class:org.jugsaxony.tdd.demo1.TDDHashMapTest]/[nested-class:NullHandlingTests]/[method:shouldRejectNullKeyOnRemove()]
TDDHashMap.java,org.jugsaxony.tdd.demo1.TDDHashMap,org.pitest.mutationtest.engine.gregor.mutators.RemoveConditionalMutator_EQUAL_IF,<init>,40,SURVIVED,none
TDDHashMap.java,org.jugsaxony.tdd.demo1.TDDHashMap,org.pitest.mutationtest.engine.gregor.mutators.RemoveConditionalMutator_ORDER_ELSE,<init>,37,KILLED,org.jugsaxony.tdd.demo1.TDDHashMapTest.[engine:junit-jupiter]/[class:org.jugsaxony.tdd.demo1.TDDHashMapTest]/[nested-class:InitialStateTests]/[method:shouldValidateConstructorArguments()]
TDDHashMap.java,org.jugsaxony.tdd.demo1.TDDHashMap,org.pitest.mutationtest.engine.gregor.mutators.RemoveConditionalMutator_ORDER_ELSE,<init>,40,KILLED,org.jugsaxony.tdd.demo1.TDDHashMapTest.[engine:junit-jupiter]/[class:org.jugsaxony.tdd.demo1.TDDHashMapTest]/[nested-class:NullHandlingTests]/[method:shouldRejectNullKeyOnRemove()]
TDDHashMap.java,org.jugsaxony.tdd.demo1.TDDHashMap,org.pitest.mutationtest.engine.gregor.mutators.RemoveConditionalMutator_ORDER_ELSE,<init>,40,KILLED,org.jugsaxony.tdd.demo1.TDDHashMapTest.[engine:junit-jupiter]/[class:org.jugsaxony.tdd.demo1.TDDHashMapTest]/[nested-class:InitialStateTests]/[method:shouldValidateConstructorArguments()]
TDDHashMap.java,org.jugsaxony.tdd.demo1.TDDHashMap,org.pitest.mutationtest.engine.gregor.mutators.RemoveConditionalMutator_ORDER_IF,<init>,37,KILLED,org.jugsaxony.tdd.demo1.TDDHashMapTest.[engine:junit-jupiter]/[class:org.jugsaxony.tdd.demo1.TDDHashMapTest]/[nested-class:NullHandlingTests]/[method:shouldRejectNullKeyOnRemove()]
TDDHashMap.java,org.jugsaxony.tdd.demo1.TDDHashMap,org.pitest.mutationtest.engine.gregor.mutators.RemoveConditionalMutator_ORDER_IF,<init>,40,KILLED,org.jugsaxony.tdd.demo1.TDDHashMapTest.[engine:junit-jupiter]/[class:org.jugsaxony.tdd.demo1.TDDHashMapTest]/[nested-class:InitialStateTests]/[method:shouldValidateConstructorArguments()]
TDDHashMap.java,org.jugsaxony.tdd.demo1.TDDHashMap,org.pitest.mutationtest.engine.gregor.mutators.RemoveConditionalMutator_ORDER_IF,<init>,40,KILLED,org.jugsaxony.tdd.demo1.TDDHashMapTest.[engine:junit-jupiter]/[class:org.jugsaxony.tdd.demo1.TDDHashMapTest]/[nested-class:NullHandlingTests]/[method:shouldRejectNullKeyOnRemove()]
TDDHashMap.java,org.jugsaxony.tdd.demo1.TDDHashMap,org.pitest.mutationtest.engine.gregor.mutators.VoidMethodCallMutator,clear,182,KILLED,org.jugsaxony.tdd.demo1.TDDHashMapTest.[engine:junit-jupiter]/[class:org.jugsaxony.tdd.demo1.TDDHashMapTest]/[nested-class:ClearTests]/[method:shouldClearAndBeReusable()]
TDDHashMap.java,org.jugsaxony.tdd.demo1.TDDHashMap,org.pitest.mutationtest.engine.gregor.mutators.VoidMethodCallMutator,clear,183,SURVIVED,none
TDDHashMap.java,org.jugsaxony.tdd.demo1.TDDHashMap,org.pitest.mutationtest.engine.gregor.mutators.MathMutator,get,64,KILLED,org.jugsaxony.tdd.demo1.TDDHashMapTest.[engine:junit-jupiter]/[class:org.jugsaxony.tdd.demo1.TDDHashMapTest]/[nested-class:BasicPutGetTests]/[method:shouldPutAndGetSingleElement()]
TDDHashMap.java,org.jugsaxony.tdd.demo1.TDDHashMap,org.pitest.mutationtest.engine.gregor.mutators.MathMutator,get,73,KILLED,org.jugsaxony.tdd.demo1.TDDHashMapTest.[engine:junit-jupiter]/[class:org.jugsaxony.tdd.demo1.TDDHashMapTest]/[nested-class:CollisionTests]/[method:shouldUpdateCollidingKey()]
TDDHashMap.java,org.jugsaxony.tdd.demo1.TDDHashMap,org.pitest.mutationtest.engine.gregor.mutators.MathMutator,get,73,KILLED,org.jugsaxony.tdd.demo1.TDDHashMapTest.[engine:junit-jupiter]/[class:org.jugsaxony.tdd.demo1.TDDHashMapTest]/[nested-class:CollisionTests]/[method:shouldUpdateCollidingKey()]
TDDHashMap.java,org.jugsaxony.tdd.demo1.TDDHashMap,org.pitest.mutationtest.engine.gregor.mutators.RemoveConditionalMutator_EQUAL_ELSE,get,67,KILLED,org.jugsaxony.tdd.demo1.TDDHashMapTest.[engine:junit-jupiter]/[class:org.jugsaxony.tdd.demo1.TDDHashMapTest]/[nested-class:BasicPutGetTests]/[method:shouldPutAndGetMultipleElements()]
TDDHashMap.java,org.jugsaxony.tdd.demo1.TDDHashMap,org.pitest.mutationtest.engine.gregor.mutators.RemoveConditionalMutator_EQUAL_ELSE,get,70,KILLED,org.jugsaxony.tdd.demo1.TDDHashMapTest.[engine:junit-jupiter]/[class:org.jugsaxony.tdd.demo1.TDDHashMapTest]/[nested-class:BasicPutGetTests]/[method:shouldPutAndGetSingleElement()]
TDDHashMap.java,org.jugsaxony.tdd.demo1.TDDHashMap,org.pitest.mutationtest.engine.gregor.mutators.RemoveConditionalMutator_EQUAL_IF,get,67,KILLED,org.jugsaxony.tdd.demo1.TDDHashMapTest.[engine:junit-jupiter]/[class:org.jugsaxony.tdd.demo1.TDDHashMapTest]/[nested-class:BasicPutGetTests]/[method:shouldPutAndGetSingleElement()]
TDDHashMap.java,org.jugsaxony.tdd.demo1.TDDHashMap,org.pitest.mutationtest.engine.gregor.mutators.RemoveConditionalMutator_EQUAL_IF,get,70,KILLED,org.jugsaxony.tdd.demo1.TDDHashMapTest.[engine:junit-jupiter]/[class:org.jugsaxony.tdd.demo1.TDDHashMapTest]/[nested-class:CollisionTests]/[method:shouldUpdateCollidingKey()]
TDDHashMap.java,org.jugsaxony.tdd.demo1.TDDHashMap,org.pitest.mutationtest.engine.gregor.mutators.returns.NullReturnValsMutator,get,71,KILLED,org.jugsaxony.tdd.demo1.TDDHashMapTest.[engine:junit-jupiter]/[class:org.jugsaxony.tdd.demo1.TDDHashMapTest]/[nested-class:BasicPutGetTests]/[method:shouldPutAndGetSingleElement()]
TDDHashMap.java,org.jugsaxony.tdd.demo1.TDDHashMap,org.pitest.mutationtest.engine.gregor.mutators.MathMutator,hash,253,SURVIVED,none
TDDHashMap.java,org.jugsaxony.tdd.demo1.TDDHashMap,org.pitest.mutationtest.engine.gregor.mutators.MathMutator,hash,253,SURVIVED,none
TDDHashMap.java,org.jugsaxony.tdd.demo1.TDDHashMap,org.pitest.mutationtest.engine.gregor.mutators.returns.PrimitiveReturnsMutator,hash,253,SURVIVED,none
TDDHashMap.java,org.jugsaxony.tdd.demo1.TDDHashMap,org.pitest.mutationtest.engine.gregor.mutators.RemoveConditionalMutator_EQUAL_ELSE,keys,155,KILLED,org.jugsaxony.tdd.demo1.TDDHashMapTest.[engine:junit-jupiter]/[class:org.jugsaxony.tdd.demo1.TDDHashMapTest]/[nested-class:KeysAndValuesTests]/[method:shouldReturnAllKeys()]
TDDHashMap.java,org.jugsaxony.tdd.demo1.TDDHashMap,org.pitest.mutationtest.engine.gregor.mutators.RemoveConditionalMutator_EQUAL_IF,keys,155,KILLED,org.jugsaxony.tdd.demo1.TDDHashMapTest.[engine:junit-jupiter]/[class:org.jugsaxony.tdd.demo1.TDDHashMapTest]/[nested-class:InitialStateTests]/[method:shouldBeEmptyUponCreation()]
TDDHashMap.java,org.jugsaxony.tdd.demo1.TDDHashMap,org.pitest.mutationtest.engine.gregor.mutators.returns.EmptyObjectReturnValsMutator,keys,159,KILLED,org.jugsaxony.tdd.demo1.TDDHashMapTest.[engine:junit-jupiter]/[class:org.jugsaxony.tdd.demo1.TDDHashMapTest]/[nested-class:KeysAndValuesTests]/[method:shouldReturnAllKeys()]
TDDHashMap.java,org.jugsaxony.tdd.demo1.TDDHashMap,org.pitest.mutationtest.engine.gregor.mutators.ConditionalsBoundaryMutator,put,89,SURVIVED,none
TDDHashMap.java,org.jugsaxony.tdd.demo1.TDDHashMap,org.pitest.mutationtest.engine.gregor.mutators.MathMutator,put,90,TIMED_OUT,none
TDDHashMap.java,org.jugsaxony.tdd.demo1.TDDHashMap,org.pitest.mutationtest.engine.gregor.mutators.MathMutator,put,93,KILLED,org.jugsaxony.tdd.demo1.TDDHashMapTest.[engine:junit-jupiter]/[class:org.jugsaxony.tdd.demo1.TDDHashMapTest]/[nested-class:BasicPutGetTests]/[method:shouldPutAndGetSingleElement()]
TDDHashMap.java,org.jugsaxony.tdd.demo1.TDDHashMap,org.pitest.mutationtest.engine.gregor.mutators.MathMutator,put,99,KILLED,org.jugsaxony.tdd.demo1.TDDHashMapTest.[engine:junit-jupiter]/[class:org.jugsaxony.tdd.demo1.TDDHashMapTest]/[nested-class:BasicPutGetTests]/[method:shouldPutAndGetSingleElement()]
TDDHashMap.java,org.jugsaxony.tdd.demo1.TDDHashMap,org.pitest.mutationtest.engine.gregor.mutators.MathMutator,put,107,KILLED,org.jugsaxony.tdd.demo1.TDDHashMapTest.[engine:junit-jupiter]/[class:org.jugsaxony.tdd.demo1.TDDHashMapTest]/[nested-class:CollisionTests]/[method:shouldUpdateCollidingKey()]
TDDHashMap.java,org.jugsaxony.tdd.demo1.TDDHashMap,org.pitest.mutationtest.engine.gregor.mutators.MathMutator,put,107,KILLED,org.jugsaxony.tdd.demo1.TDDHashMapTest.[engine:junit-jupiter]/[class:org.jugsaxony.tdd.demo1.TDDHashMapTest]/[nested-class:CollisionTests]/[method:shouldUpdateCollidingKey()]
TDDHashMap.java,org.jugsaxony.tdd.demo1.TDDHashMap,org.pitest.mutationtest.engine.gregor.mutators.RemoveConditionalMutator_EQUAL_ELSE,put,96,KILLED,org.jugsaxony.tdd.demo1.TDDHashMapTest.[engine:junit-jupiter]/[class:org.jugsaxony.tdd.demo1.TDDHashMapTest]/[nested-class:BasicPutGetTests]/[method:shouldPutAndGetSingleElement()]
TDDHashMap.java,org.jugsaxony.tdd.demo1.TDDHashMap,org.pitest.mutationtest.engine.gregor.mutators.RemoveConditionalMutator_EQUAL_ELSE,put,102,KILLED,org.jugsaxony.tdd.demo1.TDDHashMapTest.[engine:junit-jupiter]/[class:org.jugsaxony.tdd.demo1.TDDHashMapTest]/[nested-class:BasicPutGetTests]/[method:shouldUpdateExistingKeyAndReturnOldValue()]
TDDHashMap.java,org.jugsaxony.tdd.demo1.TDDHashMap,org.pitest.mutationtest.engine.gregor.mutators.RemoveConditionalMutator_EQUAL_IF,put,96,KILLED,org.jugsaxony.tdd.demo1.TDDHashMapTest.[engine:junit-jupiter]/[class:org.jugsaxony.tdd.demo1.TDDHashMapTest]/[nested-class:BasicPutGetTests]/[method:shouldUpdateExistingKeyAndReturnOldValue()]
TDDHashMap.java,org.jugsaxony.tdd.demo1.TDDHashMap,org.pitest.mutationtest.engine.gregor.mutators.RemoveConditionalMutator_EQUAL_IF,put,102,KILLED,org.jugsaxony.tdd.demo1.TDDHashMapTest.[engine:junit-jupiter]/[class:org.jugsaxony.tdd.demo1.TDDHashMapTest]/[nested-class:CollisionTests]/[method:shouldUpdateCollidingKey()]
TDDHashMap.java,org.jugsaxony.tdd.demo1.TDDHashMap,org.pitest.mutationtest.engine.gregor.mutators.RemoveConditionalMutator_ORDER_ELSE,put,89,TIMED_OUT,none
TDDHashMap.java,org.jugsaxony.tdd.demo1.TDDHashMap,org.pitest.mutationtest.engine.gregor.mutators.RemoveConditionalMutator_ORDER_IF,put,89,TIMED_OUT,none
TDDHashMap.java,org.jugsaxony.tdd.demo1.TDDHashMap,org.pitest.mutationtest.engine.gregor.mutators.VoidMethodCallMutator,put,90,TIMED_OUT,none
TDDHashMap.java,org.jugsaxony.tdd.demo1.TDDHashMap,org.pitest.mutationtest.engine.gregor.mutators.returns.NullReturnValsMutator,put,105,KILLED,org.jugsaxony.tdd.demo1.TDDHashMapTest.[engine:junit-jupiter]/[class:org.jugsaxony.tdd.demo1.TDDHashMapTest]/[nested-class:BasicPutGetTests]/[method:shouldUpdateExistingKeyAndReturnOldValue()]
TDDHashMap.java,org.jugsaxony.tdd.demo1.TDDHashMap,org.pitest.mutationtest.engine.gregor.mutators.MathMutator,remove,122,KILLED,org.jugsaxony.tdd.demo1.TDDHashMapTest.[engine:junit-jupiter]/[class:org.jugsaxony.tdd.demo1.TDDHashMapTest]/[nested-class:RemoveTests]/[method:shouldReturnNullWhenRemovingNonExistingKey()]
TDDHashMap.java,org.jugsaxony.tdd.demo1.TDDHashMap,org.pitest.mutationtest.engine.gregor.mutators.MathMutator,remove,133,KILLED,org.jugsaxony.tdd.demo1.TDDHashMapTest.[engine:junit-jupiter]/[class:org.jugsaxony.tdd.demo1.TDDHashMapTest]/[nested-class:RemoveTests]/[method:shouldMaintainProbeChainWhenRemovingCollidingElement()]
TDDHashMap.java,org.jugsaxony.tdd.demo1.TDDHashMap,org.pitest.mutationtest.engine.gregor.mutators.MathMutator,remove,133,KILLED,org.jugsaxony.tdd.demo1.TDDHashMapTest.[engine:junit-jupiter]/[class:org.jugsaxony.tdd.demo1.TDDHashMapTest]/[nested-class:RemoveTests]/[method:shouldMaintainProbeChainWhenRemovingCollidingElement()]
TDDHashMap.java,org.jugsaxony.tdd.demo1.TDDHashMap,org.pitest.mutationtest.engine.gregor.mutators.RemoveConditionalMutator_EQUAL_ELSE,remove,125,KILLED,org.jugsaxony.tdd.demo1.TDDHashMapTest.[engine:junit-jupiter]/[class:org.jugsaxony.tdd.demo1.TDDHashMapTest]/[nested-class:RemoveTests]/[method:shouldReturnNullWhenRemovingNonExistingKey()]
TDDHashMap.java,org.jugsaxony.tdd.demo1.TDDHashMap,org.pitest.mutationtest.engine.gregor.mutators.RemoveConditionalMutator_EQUAL_ELSE,remove,128,KILLED,org.jugsaxony.tdd.demo1.TDDHashMapTest.[engine:junit-jupiter]/[class:org.jugsaxony.tdd.demo1.TDDHashMapTest]/[nested-class:RemoveTests]/[method:shouldRemoveExistingKey()]
TDDHashMap.java,org.jugsaxony.tdd.demo1.TDDHashMap,org.pitest.mutationtest.engine.gregor.mutators.RemoveConditionalMutator_EQUAL_IF,remove,125,KILLED,org.jugsaxony.tdd.demo1.TDDHashMapTest.[engine:junit-jupiter]/[class:org.jugsaxony.tdd.demo1.TDDHashMapTest]/[nested-class:RemoveTests]/[method:shouldRemoveExistingKey()]
TDDHashMap.java,org.jugsaxony.tdd.demo1.TDDHashMap,org.pitest.mutationtest.engine.gregor.mutators.RemoveConditionalMutator_EQUAL_IF,remove,128,KILLED,org.jugsaxony.tdd.demo1.TDDHashMapTest.[engine:junit-jupiter]/[class:org.jugsaxony.tdd.demo1.TDDHashMapTest]/[nested-class:RemoveTests]/[method:shouldMaintainProbeChainWhenRemovingCollidingElement()]
TDDHashMap.java,org.jugsaxony.tdd.demo1.TDDHashMap,org.pitest.mutationtest.engine.gregor.mutators.VoidMethodCallMutator,remove,130,KILLED,org.jugsaxony.tdd.demo1.TDDHashMapTest.[engine:junit-jupiter]/[class:org.jugsaxony.tdd.demo1.TDDHashMapTest]/[nested-class:RemoveTests]/[method:shouldRemoveExistingKey()]
TDDHashMap.java,org.jugsaxony.tdd.demo1.TDDHashMap,org.pitest.mutationtest.engine.gregor.mutators.returns.NullReturnValsMutator,remove,131,KILLED,org.jugsaxony.tdd.demo1.TDDHashMapTest.[engine:junit-jupiter]/[class:org.jugsaxony.tdd.demo1.TDDHashMapTest]/[nested-class:RemoveTests]/[method:shouldRemoveExistingKey()]
TDDHashMap.java,org.jugsaxony.tdd.demo1.TDDHashMap,org.pitest.mutationtest.engine.gregor.mutators.ConditionalsBoundaryMutator,resize,235,KILLED,org.jugsaxony.tdd.demo1.TDDHashMapTest.[engine:junit-jupiter]/[class:org.jugsaxony.tdd.demo1.TDDHashMapTest]/[nested-class:ResizingTests]/[method:shouldGrowDynamicallyWithManyElements()]
TDDHashMap.java,org.jugsaxony.tdd.demo1.TDDHashMap,org.pitest.mutationtest.engine.gregor.mutators.MathMutator,resize,230,TIMED_OUT,none
TDDHashMap.java,org.jugsaxony.tdd.demo1.TDDHashMap,org.pitest.mutationtest.engine.gregor.mutators.MathMutator,resize,231,TIMED_OUT,none
TDDHashMap.java,org.jugsaxony.tdd.demo1.TDDHashMap,org.pitest.mutationtest.engine.gregor.mutators.MathMutator,resize,238,KILLED,org.jugsaxony.tdd.demo1.TDDHashMapTest.[engine:junit-jupiter]/[class:org.jugsaxony.tdd.demo1.TDDHashMapTest]/[nested-class:ResizingTests]/[method:shouldGrowDynamicallyWithManyElements()]
TDDHashMap.java,org.jugsaxony.tdd.demo1.TDDHashMap,org.pitest.mutationtest.engine.gregor.mutators.MathMutator,resize,240,KILLED,org.jugsaxony.tdd.demo1.TDDHashMapTest.[engine:junit-jupiter]/[class:org.jugsaxony.tdd.demo1.TDDHashMapTest]/[nested-class:ResizingTests]/[method:shouldGrowDynamicallyWithManyElements()]
TDDHashMap.java,org.jugsaxony.tdd.demo1.TDDHashMap,org.pitest.mutationtest.engine.gregor.mutators.MathMutator,resize,240,KILLED,org.jugsaxony.tdd.demo1.TDDHashMapTest.[engine:junit-jupiter]/[class:org.jugsaxony.tdd.demo1.TDDHashMapTest]/[nested-class:ResizingTests]/[method:shouldGrowDynamicallyWithManyElements()]
TDDHashMap.java,org.jugsaxony.tdd.demo1.TDDHashMap,org.pitest.mutationtest.engine.gregor.mutators.RemoveConditionalMutator_EQUAL_ELSE,resize,237,KILLED,org.jugsaxony.tdd.demo1.TDDHashMapTest.[engine:junit-jupiter]/[class:org.jugsaxony.tdd.demo1.TDDHashMapTest]/[nested-class:ResizingTests]/[method:shouldGrowDynamicallyWithManyElements()]
TDDHashMap.java,org.jugsaxony.tdd.demo1.TDDHashMap,org.pitest.mutationtest.engine.gregor.mutators.RemoveConditionalMutator_EQUAL_ELSE,resize,239,KILLED,org.jugsaxony.tdd.demo1.TDDHashMapTest.[engine:junit-jupiter]/[class:org.jugsaxony.tdd.demo1.TDDHashMapTest]/[nested-class:ResizingTests]/[method:shouldGrowDynamicallyWithManyElements()]
TDDHashMap.java,org.jugsaxony.tdd.demo1.TDDHashMap,org.pitest.mutationtest.engine.gregor.mutators.RemoveConditionalMutator_EQUAL_IF,resize,237,KILLED,org.jugsaxony.tdd.demo1.TDDHashMapTest.[engine:junit-jupiter]/[class:org.jugsaxony.tdd.demo1.TDDHashMapTest]/[nested-class:ResizingTests]/[method:shouldGrowDynamicallyWithManyElements()]
TDDHashMap.java,org.jugsaxony.tdd.demo1.TDDHashMap,org.pitest.mutationtest.engine.gregor.mutators.RemoveConditionalMutator_EQUAL_IF,resize,239,TIMED_OUT,none
TDDHashMap.java,org.jugsaxony.tdd.demo1.TDDHashMap,org.pitest.mutationtest.engine.gregor.mutators.RemoveConditionalMutator_ORDER_ELSE,resize,235,KILLED,org.jugsaxony.tdd.demo1.TDDHashMapTest.[engine:junit-jupiter]/[class:org.jugsaxony.tdd.demo1.TDDHashMapTest]/[nested-class:ResizingTests]/[method:shouldGrowDynamicallyWithManyElements()]
TDDHashMap.java,org.jugsaxony.tdd.demo1.TDDHashMap,org.pitest.mutationtest.engine.gregor.mutators.RemoveConditionalMutator_ORDER_IF,resize,235,KILLED,org.jugsaxony.tdd.demo1.TDDHashMapTest.[engine:junit-jupiter]/[class:org.jugsaxony.tdd.demo1.TDDHashMapTest]/[nested-class:ResizingTests]/[method:shouldGrowDynamicallyWithManyElements()]
TDDHashMap.java,org.jugsaxony.tdd.demo1.TDDHashMap,org.pitest.mutationtest.engine.gregor.mutators.ConditionalsBoundaryMutator,shiftDelete,209,KILLED,org.jugsaxony.tdd.demo1.TDDHashMapTest.[engine:junit-jupiter]/[class:org.jugsaxony.tdd.demo1.TDDHashMapTest]/[nested-class:RemoveTests]/[method:shouldMaintainProbeChainWhenRemovingCollidingElement()]
TDDHashMap.java,org.jugsaxony.tdd.demo1.TDDHashMap,org.pitest.mutationtest.engine.gregor.mutators.MathMutator,shiftDelete,196,KILLED,org.jugsaxony.tdd.demo1.TDDHashMapTest.[engine:junit-jupiter]/[class:org.jugsaxony.tdd.demo1.TDDHashMapTest]/[nested-class:RemoveTests]/[method:shouldRemoveExistingKey()]
TDDHashMap.java,org.jugsaxony.tdd.demo1.TDDHashMap,org.pitest.mutationtest.engine.gregor.mutators.MathMutator,shiftDelete,200,KILLED,org.jugsaxony.tdd.demo1.TDDHashMapTest.[engine:junit-jupiter]/[class:org.jugsaxony.tdd.demo1.TDDHashMapTest]/[nested-class:RemoveTests]/[method:shouldMaintainProbeChainWhenRemovingCollidingElement()]
TDDHashMap.java,org.jugsaxony.tdd.demo1.TDDHashMap,org.pitest.mutationtest.engine.gregor.mutators.MathMutator,shiftDelete,200,KILLED,org.jugsaxony.tdd.demo1.TDDHashMapTest.[engine:junit-jupiter]/[class:org.jugsaxony.tdd.demo1.TDDHashMapTest]/[nested-class:RemoveTests]/[method:shouldMaintainProbeChainWhenRemovingCollidingElement()]
TDDHashMap.java,org.jugsaxony.tdd.demo1.TDDHashMap,org.pitest.mutationtest.engine.gregor.mutators.MathMutator,shiftDelete,205,KILLED,org.jugsaxony.tdd.demo1.TDDHashMapTest.[engine:junit-jupiter]/[class:org.jugsaxony.tdd.demo1.TDDHashMapTest]/[nested-class:RemoveTests]/[method:shouldRemoveExistingKey()]
TDDHashMap.java,org.jugsaxony.tdd.demo1.TDDHashMap,org.pitest.mutationtest.engine.gregor.mutators.MathMutator,shiftDelete,206,KILLED,org.jugsaxony.tdd.demo1.TDDHashMapTest.[engine:junit-jupiter]/[class:org.jugsaxony.tdd.demo1.TDDHashMapTest]/[nested-class:RemoveTests]/[method:shouldRemoveExistingKey()]
TDDHashMap.java,org.jugsaxony.tdd.demo1.TDDHashMap,org.pitest.mutationtest.engine.gregor.mutators.MathMutator,shiftDelete,206,KILLED,org.jugsaxony.tdd.demo1.TDDHashMapTest.[engine:junit-jupiter]/[class:org.jugsaxony.tdd.demo1.TDDHashMapTest]/[nested-class:RemoveTests]/[method:shouldRemoveExistingKey()]
TDDHashMap.java,org.jugsaxony.tdd.demo1.TDDHashMap,org.pitest.mutationtest.engine.gregor.mutators.MathMutator,shiftDelete,207,KILLED,org.jugsaxony.tdd.demo1.TDDHashMapTest.[engine:junit-jupiter]/[class:org.jugsaxony.tdd.demo1.TDDHashMapTest]/[nested-class:RemoveTests]/[method:shouldMaintainProbeChainWhenRemovingCollidingElement()]
TDDHashMap.java,org.jugsaxony.tdd.demo1.TDDHashMap,org.pitest.mutationtest.engine.gregor.mutators.MathMutator,shiftDelete,207,KILLED,org.jugsaxony.tdd.demo1.TDDHashMapTest.[engine:junit-jupiter]/[class:org.jugsaxony.tdd.demo1.TDDHashMapTest]/[nested-class:RemoveTests]/[method:shouldMaintainProbeChainWhenRemovingCollidingElement()]
TDDHashMap.java,org.jugsaxony.tdd.demo1.TDDHashMap,org.pitest.mutationtest.engine.gregor.mutators.RemoveConditionalMutator_EQUAL_ELSE,shiftDelete,202,KILLED,org.jugsaxony.tdd.demo1.TDDHashMapTest.[engine:junit-jupiter]/[class:org.jugsaxony.tdd.demo1.TDDHashMapTest]/[nested-class:RemoveTests]/[method:shouldRemoveExistingKey()]
TDDHashMap.java,org.jugsaxony.tdd.demo1.TDDHashMap,org.pitest.mutationtest.engine.gregor.mutators.RemoveConditionalMutator_EQUAL_IF,shiftDelete,202,KILLED,org.jugsaxony.tdd.demo1.TDDHashMapTest.[engine:junit-jupiter]/[class:org.jugsaxony.tdd.demo1.TDDHashMapTest]/[nested-class:RemoveTests]/[method:shouldMaintainProbeChainWhenRemovingCollidingElement()]
TDDHashMap.java,org.jugsaxony.tdd.demo1.TDDHashMap,org.pitest.mutationtest.engine.gregor.mutators.RemoveConditionalMutator_ORDER_ELSE,shiftDelete,209,KILLED,org.jugsaxony.tdd.demo1.TDDHashMapTest.[engine:junit-jupiter]/[class:org.jugsaxony.tdd.demo1.TDDHashMapTest]/[nested-class:RemoveTests]/[method:shouldMaintainProbeChainWhenRemovingCollidingElement()]
TDDHashMap.java,org.jugsaxony.tdd.demo1.TDDHashMap,org.pitest.mutationtest.engine.gregor.mutators.RemoveConditionalMutator_ORDER_IF,shiftDelete,209,KILLED,org.jugsaxony.tdd.demo1.TDDHashMapTest.[engine:junit-jupiter]/[class:org.jugsaxony.tdd.demo1.TDDHashMapTest]/[nested-class:RemoveTests]/[method:shouldRemoveExistingKey()]
TDDHashMap.java,org.jugsaxony.tdd.demo1.TDDHashMap,org.pitest.mutationtest.engine.gregor.mutators.returns.PrimitiveReturnsMutator,size,143,KILLED,org.jugsaxony.tdd.demo1.TDDHashMapTest.[engine:junit-jupiter]/[class:org.jugsaxony.tdd.demo1.TDDHashMapTest]/[nested-class:BasicPutGetTests]/[method:shouldPutAndGetSingleElement()]
TDDHashMap.java,org.jugsaxony.tdd.demo1.TDDHashMap,org.pitest.mutationtest.engine.gregor.mutators.ConditionalsBoundaryMutator,tableSizeFor,261,SURVIVED,none
TDDHashMap.java,org.jugsaxony.tdd.demo1.TDDHashMap,org.pitest.mutationtest.engine.gregor.mutators.ConditionalsBoundaryMutator,tableSizeFor,261,SURVIVED,none
TDDHashMap.java,org.jugsaxony.tdd.demo1.TDDHashMap,org.pitest.mutationtest.engine.gregor.mutators.MathMutator,tableSizeFor,260,SURVIVED,none
TDDHashMap.java,org.jugsaxony.tdd.demo1.TDDHashMap,org.pitest.mutationtest.engine.gregor.mutators.MathMutator,tableSizeFor,260,SURVIVED,none
TDDHashMap.java,org.jugsaxony.tdd.demo1.TDDHashMap,org.pitest.mutationtest.engine.gregor.mutators.MathMutator,tableSizeFor,261,TIMED_OUT,none
TDDHashMap.java,org.jugsaxony.tdd.demo1.TDDHashMap,org.pitest.mutationtest.engine.gregor.mutators.RemoveConditionalMutator_ORDER_ELSE,tableSizeFor,261,SURVIVED,none
TDDHashMap.java,org.jugsaxony.tdd.demo1.TDDHashMap,org.pitest.mutationtest.engine.gregor.mutators.RemoveConditionalMutator_ORDER_ELSE,tableSizeFor,261,SURVIVED,none
TDDHashMap.java,org.jugsaxony.tdd.demo1.TDDHashMap,org.pitest.mutationtest.engine.gregor.mutators.RemoveConditionalMutator_ORDER_IF,tableSizeFor,261,SURVIVED,none
TDDHashMap.java,org.jugsaxony.tdd.demo1.TDDHashMap,org.pitest.mutationtest.engine.gregor.mutators.RemoveConditionalMutator_ORDER_IF,tableSizeFor,261,TIMED_OUT,none
TDDHashMap.java,org.jugsaxony.tdd.demo1.TDDHashMap,org.pitest.mutationtest.engine.gregor.mutators.returns.PrimitiveReturnsMutator,tableSizeFor,261,KILLED,org.jugsaxony.tdd.demo1.TDDHashMapTest.[engine:junit-jupiter]/[class:org.jugsaxony.tdd.demo1.TDDHashMapTest]/[nested-class:BasicPutGetTests]/[method:shouldPutAndGetSingleElement()]
TDDHashMap.java,org.jugsaxony.tdd.demo1.TDDHashMap,org.pitest.mutationtest.engine.gregor.mutators.ConditionalsBoundaryMutator,values,170,KILLED,org.jugsaxony.tdd.demo1.TDDHashMapTest.[engine:junit-jupiter]/[class:org.jugsaxony.tdd.demo1.TDDHashMapTest]/[nested-class:KeysAndValuesTests]/[method:shouldReturnAllValues()]
TDDHashMap.java,org.jugsaxony.tdd.demo1.TDDHashMap,org.pitest.mutationtest.engine.gregor.mutators.RemoveConditionalMutator_EQUAL_ELSE,values,171,KILLED,org.jugsaxony.tdd.demo1.TDDHashMapTest.[engine:junit-jupiter]/[class:org.jugsaxony.tdd.demo1.TDDHashMapTest]/[nested-class:KeysAndValuesTests]/[method:shouldReturnAllValues()]
TDDHashMap.java,org.jugsaxony.tdd.demo1.TDDHashMap,org.pitest.mutationtest.engine.gregor.mutators.RemoveConditionalMutator_EQUAL_IF,values,171,KILLED,org.jugsaxony.tdd.demo1.TDDHashMapTest.[engine:junit-jupiter]/[class:org.jugsaxony.tdd.demo1.TDDHashMapTest]/[nested-class:KeysAndValuesTests]/[method:shouldReturnAllValues()]
TDDHashMap.java,org.jugsaxony.tdd.demo1.TDDHashMap,org.pitest.mutationtest.engine.gregor.mutators.RemoveConditionalMutator_ORDER_ELSE,values,170,KILLED,org.jugsaxony.tdd.demo1.TDDHashMapTest.[engine:junit-jupiter]/[class:org.jugsaxony.tdd.demo1.TDDHashMapTest]/[nested-class:KeysAndValuesTests]/[method:shouldReturnAllValues()]
TDDHashMap.java,org.jugsaxony.tdd.demo1.TDDHashMap,org.pitest.mutationtest.engine.gregor.mutators.RemoveConditionalMutator_ORDER_IF,values,170,KILLED,org.jugsaxony.tdd.demo1.TDDHashMapTest.[engine:junit-jupiter]/[class:org.jugsaxony.tdd.demo1.TDDHashMapTest]/[nested-class:KeysAndValuesTests]/[method:shouldReturnAllValues()]
TDDHashMap.java,org.jugsaxony.tdd.demo1.TDDHashMap,org.pitest.mutationtest.engine.gregor.mutators.returns.EmptyObjectReturnValsMutator,values,175,KILLED,org.jugsaxony.tdd.demo1.TDDHashMapTest.[engine:junit-jupiter]/[class:org.jugsaxony.tdd.demo1.TDDHashMapTest]/[nested-class:KeysAndValuesTests]/[method:shouldReturnAllValues()]
