GROUP,PACKAGE,CLASS,INSTRUCTION_MISSED,INSTRUCTION_COVERED,BRANCH_MISSED,BRANCH_COVERED,LINE_MISSED,LINE_COVERED,COMPLEXITY_MISSED,COMPLEXITY_COVERED,METHOD_MISSED,METHOD_COVERED
coverage-report/demo1,org.jugsaxony.tdd.demo1,TDDHashMap,4,483,3,41,0,108,3,33,0,14
coverage-report/demo2,org.jugsaxony.tdd.demo2,TDDHashMap,9,387,6,36,1,87,4,30,0,13
coverage-report/demo3,org.jugsaxony.tdd.demo3,TDDHashMap,18,446,3,45,4,99,3,39,0,18
coverage-report/demo4,org.jugsaxony.tdd.demo4,TDDHashMap,19,363,4,34,3,79,4,26,0,11
coverage-report/demo5,org.jugsaxony.tdd.demo5,TDDHashMap,0,425,1,45,0,92,1,35,0,13
coverage-report/demo6,org.jugsaxony.tdd.demo6,TDDHashMap,5,459,3,47,1,114,3,37,0,15
coverage-report/demo7,org.jugsaxony.tdd.demo7,TDDHashMap,0,436,0,40,0,99,0,31,0,11
coverage-report/demo8,org.jugsaxony.tdd.demo8,TDDHashMap,10,457,6,42,1,113,4,32,0,12
coverage-report/demo9,org.jugsaxony.tdd.demo9,TDDHashMap,4,438,1,39,2,94,1,30,0,11
